,Supplier_Lead_Time,Inventory_Levels,Order_Frequency,Delivery_Performance,Cost_Per_Unit
Supplier_Lead_Time,1.0,0.4204337930806895,-0.8812496678999945,-0.9313343507079894,0.9644032792027709
Inventory_Levels,0.4204337930806895,1.0,-0.32795684551232335,-0.43233167455851534,0.4238564675485934
Order_Frequency,-0.8812496678999945,-0.32795684551232335,1.0,0.8414973719771323,-0.8655815231180204
Delivery_Performance,-0.9313343507079894,-0.43233167455851534,0.8414973719771323,1.0,-0.9266652006912888
Cost_Per_Unit,0.9644032792027709,0.4238564675485934,-0.8655815231180204,-0.9266652006912888,1.0
